<?xml version="1.0" encoding="utf-8"?>
<window>
	<defaultcontrol always="true">50</defaultcontrol>
	<views>50,51,52,53,55,56,59,591,592,595,599</views>
	<menucontrol>9000</menucontrol>
	<controls>
		<include condition="!Skin.HasSetting(HideVideoBackgrounds)">CommonVideoPlayingBackground</include>
		<control type="multiimage">
			<left>0</left>
			<top>0</top>
			<width>1920</width>
			<height>1080</height>
			<timeperimage>5000</timeperimage>
			<randomize>true</randomize>
			<fadetime>2000</fadetime>
			<imagepath fallback="special://skin/backgrounds/background-music.jpg" background="true">$INFO[Skin.String(Custom_Back_Music_Folder)]</imagepath>
			<aspectratio>scale</aspectratio>
			<include condition="Skin.HasSetting(AnimateBackgrounds)">backgroundanimation</include>
			<include>VisibleFadeEffect</include>
			<visible>[[String.IsEmpty(ListItem.Property(Fanart_Image)) + String.IsEmpty(Container.Art(artist.fanart)) + ![Control.IsVisible(592) + ![Window.IsVisible(SongInformation) | Window.IsVisible(MusicInformation)]]] | Control.IsVisible(591)] + ![Player.HasVideo + !Skin.HasSetting(HideVideoBackgrounds)]</visible>
		</control>
		<control type="image">
			<description>album and song level fanart</description>
			<left>0</left>
			<top>0</top>
			<width>1920</width>
			<height>1080</height>
			<texture background="true">$INFO[Container.Art(artist.fanart)]</texture>
			<aspectratio>scale</aspectratio>
			<fadetime>FanartCrossfadeTime</fadetime>
			<include>VisibleFadeEffect</include>
			<include condition="Skin.HasSetting(AnimateFanart)">backgroundanimation</include>
			<visible>![Skin.HasSetting(MusicExtraFanart) + !String.IsEmpty(Control.GetLabel(6110))] + !String.IsEmpty(Container.Art(artist.fanart)) + !Control.IsVisible(591) + ![Control.IsVisible(592) + ![Window.IsVisible(SongInformation) | Window.IsVisible(MusicInformation)]] + ![Player.HasVideo + !Skin.HasSetting(HideVideoBackgrounds)]</visible>
		</control>
		<include condition="Skin.HasSetting(MusicExtraFanart)">fanart-extra-music</include>
		<control type="image">
			<description>artist level fanart</description>
			<left>0</left>
			<top>0</top>
			<width>1920</width>
			<height>1080</height>
			<texture background="true">$INFO[ListItem.Property(Fanart_Image)]</texture>
			<aspectratio>scale</aspectratio>
			<fadetime>FanartCrossfadeTime</fadetime>
			<include>VisibleFadeEffect</include>
			<include condition="Skin.HasSetting(AnimateFanart)">backgroundanimation</include>
			<visible>![Skin.HasSetting(MusicExtraFanart) + !String.IsEmpty(Control.GetLabel(6110))] + !String.IsEmpty(ListItem.Property(Fanart_Image)) + !Control.IsVisible(591) + ![Control.IsVisible(592) + ![Window.IsVisible(SongInformation) | Window.IsVisible(MusicInformation)]] + ![Player.HasVideo + !Skin.HasSetting(HideVideoBackgrounds)]</visible>
		</control>
		<control type="image">
			<left>0</left>
			<top>0</top>
			<width>1920</width>
			<height>1080</height>
			<texture background="true">$INFO[Skin.String(Music_Genre_Folder)]$INFO[ListItem.Label,,.jpg]</texture>
			<aspectratio>scale</aspectratio>
			<fadetime>FanartCrossfadeTime</fadetime>
			<include>VisibleFadeEffect</include>
			<include condition="Skin.HasSetting(AnimateFanart)">backgroundanimation</include>
			<visible>Container.Content(Genres) + Skin.HasSetting(MusicGenreBackgrounds) + ![Player.HasVideo + !Skin.HasSetting(HideVideoBackgrounds)]</visible>
		</control>
		<include>fanart-mymusicsongs</include>
		<include condition="Skin.HasSetting(ArtistLogo)">logo-artists</include>
		<include condition="!Skin.HasSetting(HideVisBackgrounds)">CommonVisualizationBackground</include>
		<control type="group">
			<include>ContentFade</include>
			<include condition="!Skin.HasSetting(Hide-Music-CoverFlow)">CoverFlow-Music</include>
			<!-- view id=55 -->
			<include condition="!Skin.HasSetting(Hide-Music-Icons)">Icons-Albums</include>
			<!-- view id=56 -->
			<include condition="!Skin.HasSetting(Hide-Music-Jukebox)">Jukebox</include>
			<!-- view id=591 -->
			<include condition="!Skin.HasSetting(Hide-Music-Wall)">Wall-Music</include>
			<!-- view id=592 -->
			<include condition="!Skin.HasSetting(Hide-Music-Item)">Item-Music</include>
			<!-- view id=595 -->
		</control>
		<control type="group">
			<include>Window_OpenClose_Right_Panel_Animation</include>
			<include>ContentFade</include>
			<control type="group">
				<animation effect="slide" start="0,0" end="1658,0" time="300" tween="quadratic" easing="out" condition="Control.IsVisible(55) | Control.IsVisible(56) | Control.IsVisible(591) | Control.IsVisible(592) | Control.IsVisible(595)">Conditional</animation>
				<animation effect="slide" start="0,0" end="1045,174" time="300" tween="quadratic" easing="out" condition="Control.IsVisible(50) + !Skin.HasSetting(FanartShort) + !Skin.HasSetting(FanartLong)">Conditional</animation>
				<animation effect="slide" start="0,0" end="1045,393" time="300" tween="quadratic" easing="out" condition="Control.IsVisible(50) + Skin.HasSetting(FanartShort)">Conditional</animation>
				<animation effect="slide" start="0,0" end="1045,-190" time="300" tween="quadratic" easing="out" condition="Control.IsVisible(50) + Skin.HasSetting(FanartLong)">Conditional</animation>
				<animation effect="slide" start="0,0" end="112,0" time="200" delay="200" tween="quadratic" easing="out" condition="Skin.HasSetting(WideSideMenuButtons) + ControlGroup(9000).HasFocus + ![Control.IsVisible(50) | Control.IsVisible(55) | Control.IsVisible(56) | Control.IsVisible(591) | Control.IsVisible(592) | Control.IsVisible(595)]">Conditional</animation>
				<include>ContentPanel</include>
				<include condition="!Skin.HasSetting(Hide-Music-FullList)">FullList-Music</include>
				<!-- view id=52 -->
				<include condition="!Skin.HasSetting(Hide-Music-List)">List-Music</include>
				<!-- view id=51 -->
				<include condition="!Skin.HasSetting(Hide-Music-Thumbnail)">Thumbnail</include>
				<!-- view id=53 -->
				<include>Fanart-Music</include>
				<!-- view id=50 -->
				<include condition="!Skin.HasSetting(Hide-Music-MediaInfo)">MediaInfo-Music</include>
				<!-- view id=59 -->
				<include condition="!Skin.HasSetting(Hide-Music-MediaInfo)">MediaInfo-AddOns</include>
				<!-- view id=599 -->
				<include>AllViewCommonPageControls</include>
				<include>ScrollOffsetLabel</include>
			</control>
		</control>
		<control type="group">
			<include>ContentFade2</include>
			<include>Fanart-Music_Root_Extras</include>
			<include>Fanart-Artists_Extras</include>
			<include>Fanart-AlbumsSongs_Extras</include>
		</control>
		<control type="group">
			<top>34</top>
			<include>ContentFade</include>
			<include>Window_OpenClose_Left_Panel_Animation</include>
			<include>CommonNowPlaying</include>
			<control type="grouplist" id="9000">
				<include condition="!Skin.HasSetting(WideSideMenuButtons)">Window_OpenClose_Left_Panel_Position_Normal</include>
				<include condition="Skin.HasSetting(WideSideMenuButtons)">Window_OpenClose_Left_Panel_Position_Wide</include>
				<include>SideMenuAnim</include>
				<onleft>50</onleft>
				<onright>50</onright>
				<itemgap>-2</itemgap>
				<control type="button" id="2">
					<description>View As button</description>
					<include>ButtonCommonValues</include>
					<label></label>
					<visible>!Skin.HasSetting(KioskMode)</visible>
				</control>
				<control type="button" id="3">
					<description>Sort by button</description>
					<include>ButtonCommonValues</include>
					<label>103</label>
					<visible>!Skin.HasSetting(KioskMode)</visible>
				</control>
				<control type="togglebutton" id="4">
					<description>Sort asc</description>
					<include>ButtonCommonValues</include>
					<include>ButtonToggleCommonValues</include>
					<label>$LOCALIZE[31412] $LOCALIZE[584]</label>
					<altlabel>$LOCALIZE[31412] $LOCALIZE[585]</altlabel>
					<visible>!Skin.HasSetting(KioskMode)</visible>
				</control>
				<control type="button" id="8">
					<description>Search</description>
					<include>ButtonCommonValues</include>
					<label>137</label>
					<visible>!Skin.HasSetting(KioskMode)</visible>
				</control>
				<control type="edit" id="19">
					<description>Filter</description>
					<include>ButtonCommonValues</include>
					<label>587</label>
					<visible>!Container.CanFilterAdvanced + !Skin.HasSetting(KioskMode)</visible>
				</control>
				<control type="radiobutton" id="621">
					<description>Advanced Filter</description>
					<include>ButtonCommonValues</include>
					<label>587</label>
					<onclick>right</onclick>
					<onclick>Filter</onclick>
					<selected>Container.Filtered</selected>
					<visible>Container.CanFilterAdvanced + !Skin.HasSetting(KioskMode)</visible>
				</control>
				<control type="togglebutton" id="20">
					<description>Update Library</description>
					<include>ButtonCommonValues</include>
					<include>ButtonToggleCommonValues</include>
					<label>653</label>
					<altlabel>13353</altlabel>
					<alttexturefocus border="5">button-focus.png</alttexturefocus>
					<alttexturenofocus></alttexturenofocus>
					<usealttexture>library.isscanningmusic</usealttexture>
					<visible>!Skin.HasSetting(KioskMode)</visible>
				</control>
				<control type="radiobutton" id="16">
					<description>PartyMode</description>
					<include>ButtonCommonValues</include>
					<label>589</label>
					<visible>!Skin.HasSetting(KioskMode)</visible>
				</control>
				<control type="button" id="622">
					<description>Get more</description>
					<include>ButtonCommonValues</include>
					<label>21452</label>
					<onclick>ActivateWindow(addonbrowser,addons://more/audio/,return)</onclick>
					<visible>!Skin.HasSetting(KioskMode) + Container.Content(addons)</visible>
				</control>
				<control type="button" id="610">
					<description>PlayerControls</description>
					<include>ButtonCommonValues</include>
					<label>16003</label>
					<onclick>ActivateWindow(playercontrols)</onclick>
					<visible>Player.HasAudio | Player.HasVideo</visible>
				</control>
				<control type="button" id="22">
					<description>now playing</description>
					<include>ButtonCommonValues</include>
					<label>13350</label>
					<onclick>ActivateWindow(musicplaylist)</onclick>
					<visible>!String.IsEqual(Playlist.Length(music),0)</visible>
				</control>
			</control>
		</control>
		<control type="group">
			<include>ContentFade</include>
			<include>Window_OpenClose_Header_Animation</include>
			<animation effect="slide" start="0,0" end="0,-82" time="300" tween="quadratic" easing="out" condition="Control.IsVisible(50) | Control.IsVisible(55) | Control.IsVisible(591) | Control.IsVisible(595)">Conditional</animation>
			<control type="image">
				<left>0</left>
				<top>0</top>
				<width>1920</width>
				<height>82</height>
				<texture border="1">Header.png</texture>
			</control>
			<include>CommonFileCount</include>
			<control type="grouplist">
				<include>Breadcrumbs</include>
				<include>Breadcrumbs-Music-Library</include>
			</control>
		</control>
		<include condition="Skin.HasSetting(TouchScreenMode)">TouchScreenControls</include>
		<include condition="Skin.HasSetting(DebugMode)">debuginfo</include>
	</controls>
</window>
