<?xml version="1.0" encoding="utf-8"?>
<window>
	<defaultcontrol always="false">101</defaultcontrol>
	<coordinates>
		<left>360</left>
		<top>30</top>
	</coordinates>
	<include>dialogeffect</include>
	<controls>
		<control type="group">
			<include>DialogFade4</include>
			<control type="image">
				<left>0</left>
				<top>0</top>
				<width>1200</width>
				<height>788</height>
				<texture border="17">panel.png</texture>
				<bordersize>11</bordersize>
			</control>
			<control type="button">
				<left>1116</left>
				<top>48</top>
				<width>30</width>
				<height>30</height>
				<texturefocus>close-window-focus.png</texturefocus>
				<texturenofocus>close-window-nofocus.png</texturenofocus>
				<onclick>PreviousMenu</onclick>
				<visible>Skin.HasSetting(TouchScreenMode)</visible>
			</control>
			<control type="label">
				<description>heading label</description>
				<left>60</left>
				<top>60</top>
				<width>1080</width>
				<height>45</height>
				<label>$LOCALIZE[24013]</label>
				<align>center</align>
				<aligny>center</aligny>
				<font>font-32</font>
				<textcolor>blue</textcolor>
			</control>
			<control type="label" id="200">
				<description>Scraper Label</description>
				<visible>false</visible>
			</control>
			<control type="image">
				<left>60</left>
				<top>117</top>
				<width>1080</width>
				<height>3</height>
				<texture>separator.png</texture>
			</control>
			<control type="list" id="110">
				<left>68</left>
				<top>135</top>
				<width>1065</width>
				<height>576</height>
				<onleft>111</onleft>
				<onright>111</onright>
				<onup>110</onup>
				<ondown>110</ondown>
				<pagecontrol>111</pagecontrol>
				<scrolltime>200</scrolltime>
				<itemlayout width="1065" height="44">
					<control type="image">
						<left>0</left>
						<top>0</top>
						<width>1065</width>
						<height>45</height>
						<texture border="7">list-nofocus.png</texture>
					</control>
					<control type="label">
						<left>0</left>
						<top>0</top>
						<width>1035</width>
						<height>45</height>
						<font>font-20</font>
						<aligny>center</aligny>
						<align>center</align>
						<selectedcolor>blue</selectedcolor>
						<label>$INFO[ListItem.Label]</label>
					</control>
				</itemlayout>
				<focusedlayout width="1065" height="44">
					<control type="image">
						<left>0</left>
						<top>0</top>
						<width>1065</width>
						<height>45</height>
						<texture border="7">list-nofocus.png</texture>
					</control>
					<control type="image">
						<left>0</left>
						<top>0</top>
						<width>1065</width>
						<height>45</height>
						<texture border="7">list-focus2.png</texture>
						<include>ListFocusScroll15</include>
					</control>
					<control type="label">
						<left>0</left>
						<top>0</top>
						<width>1035</width>
						<height>45</height>
						<font>font-20</font>
						<aligny>center</aligny>
						<align>center</align>
						<shadowcolor>black</shadowcolor>
						<textcolor>white</textcolor>
						<selectedcolor>blue</selectedcolor>
						<label>$INFO[ListItem.Label]</label>
					</control>
				</focusedlayout>
			</control>
			<control type="spincontrol" id="111">
				<description>Next page button</description>
				<left>1035</left>
				<top>726</top>
				<subtype>page</subtype>
				<font>font-20</font>
				<onleft>110</onleft>
				<onright>110</onright>
				<ondown>110</ondown>
				<onup>110</onup>
				<textcolor>white</textcolor>
				<showonepage>false</showonepage>
				<visible>Control.IsVisible(110)</visible>
			</control>
			<control type="list" id="120">
				<left>68</left>
				<top>180</top>
				<width>1065</width>
				<height>525</height>
				<onleft>121</onleft>
				<onright>121</onright>
				<onup>120</onup>
				<ondown>120</ondown>
				<pagecontrol>121</pagecontrol>
				<scrolltime>200</scrolltime>
				<animation effect="slide" start="0,0" end="30,0" time="0" condition="!Control.IsVisible(121)">Conditional</animation>
				<itemlayout width="1065" height="44">
					<control type="image">
						<left>0</left>
						<top>0</top>
						<width>1065</width>
						<height>45</height>
						<texture border="7">list-nofocus.png</texture>
					</control>
					<control type="label">
						<left>15</left>
						<top>0</top>
						<width>1035</width>
						<height>45</height>
						<font>font-20</font>
						<align>left</align>
						<aligny>center</aligny>
						<selectedcolor>blue</selectedcolor>
						<label>$INFO[ListItem.Label]</label>
					</control>
				</itemlayout>
				<focusedlayout width="1065" height="44">
					<control type="image">
						<left>0</left>
						<top>0</top>
						<width>1065</width>
						<height>45</height>
						<texture border="7">list-nofocus.png</texture>
					</control>
					<control type="image">
						<left>0</left>
						<top>0</top>
						<width>1065</width>
						<height>45</height>
						<visible>Control.HasFocus(120)</visible>
						<texture border="7">list-focus2.png</texture>
						<include>ListFocusScroll10</include>
					</control>
					<control type="label">
						<left>15</left>
						<top>0</top>
						<width>1035</width>
						<height>45</height>
						<font>font-20</font>
						<align>left</align>
						<aligny>center</aligny>
						<selectedcolor>blue</selectedcolor>
						<label>$INFO[ListItem.Label]</label>
					</control>
				</focusedlayout>
			</control>
			<control type="spincontrol" id="121">
				<description>Next page button</description>
				<left>1035</left>
				<top>726</top>
				<subtype>page</subtype>
				<font>font-20</font>
				<onleft>120</onleft>
				<onright>120</onright>
				<ondown>120</ondown>
				<onup>120</onup>
				<textcolor>white</textcolor>
				<showonepage>false</showonepage>
				<visible>Control.IsVisible(120)</visible>
			</control>
			<control type="label" id="200">
				<left>0</left>
				<top>730</top>
				<width>1200</width>
				<height>40</height>
				<align>center</align>
				<textcolor>lightgrey</textcolor>
				<font>font-17</font>
			</control>
		</control>
	</controls>
</window>
